<keys>
	<key name="intro_text_1">My room, nice and smooth</key>
	<key name="intro_text_2">Hey, that's my last bottle!</key>
	<key name="intro_text_3">Hi! What's going on?</key>
	<key name="intro_text_4">Let's go crash a party!</key>
	<key name="intro_text_5">Shake it!</key>
	<key name="intro_text_6">You shake it!</key>
	<key name="intro_text_7">Oh no! It's my ex!</key>
	<key name="intro_text_8">Roy is here?</key>
	<key name="intro_text_9">Let's see some more stuff.</key>
	<key name="intro_text_10">Oh wow! That's really her!</key>
	<key name="intro_text_11">Join up now!</key>
	<key name="headline_text1">STYLE YOUR CHARACTER</key>
	<key name="headline_text2">CREATE YOUR ROOMS</key>
	<key name="headline_text3">MEET FRIENDS</key>
	<key name="headline_text4">SEXY PARTIES</key>
	<key name="headline_text5">CELEBRITY GUESTS</key>
	<key name="headline_text6">GET NOTICED</key>
	<key name="headline_text7">PLAY GAMES</key>
	<key name="headline_text8">REGISTER NOW!</key>
	
	
</keys>